type_Ghost_PREDICTION,type_Ghoul_PREDICTION,type_Goblin_PREDICTION,type_PREDICTION,id,bone_length,rotting_flesh,hair_length,has_soul,color
0.0275020879,0.7874492407,0.1850486398,Ghoul,3,0.4717744483003892,0.3879370564226163,0.7060866179614931,0.6985372637114671,black
0.0999141335,0.2774332464,0.6226525903,Goblin,6,0.4273322552448829,0.6450235934779244,0.5655579125765406,0.45146162277248664,white
0.0394991934,0.5497815013,0.4107193053,Ghoul,9,0.5496018888788191,0.4919305498709827,0.6603874948905774,0.44980917803846093,black
0.4851234257,0.2598362565,0.2550403476,Ghost,10,0.6380949687040852,0.6828674441443191,0.4714089892371896,0.35692447935151533,white
0.9151575565,0.0233801883,0.0614622161,Ghost,13,0.36176224182331124,0.583997388981309,0.37725649636512193,0.27636395430095423,black
0.8898774981,0.0381669179,0.0719555542,Ghost,14,0.2928897889156079,0.505851491144943,0.29792690556516904,0.10626291133397606,white
0.0431820825,0.5966905355,0.3601273596,Ghoul,15,0.5844562978819556,0.5516804730919008,0.628329912024545,0.49911784059537245,white
0.0352964364,0.4416301847,0.5230733752,Goblin,16,0.48552486264308314,0.4592423358344067,0.6577347021519275,0.5653366800178985,blue
0.1342956722,0.1198693141,0.7458350062,Goblin,17,0.4717570296566423,0.4079155119634046,0.4659922719274438,0.4066080346426972,blue
0.0254636835,0.7576804161,0.2168559134,Ghoul,18,0.5729527214299518,0.31645422144963853,0.6683882110903622,0.64069153156616,clear
0.8108682632,0.0396128073,0.1495189369,Ghost,20,0.3205419461599626,0.5616711702510598,0.3404461367159436,0.3389643608506416,white
0.0489779375,0.8328083754,0.1182136685,Ghoul,21,0.41370166663601465,0.5630312395770902,0.8226498342055855,0.5254446653491647,clear
0.2112326473,0.2661352754,0.5226320624,Goblin,24,0.13561463487318395,0.5134994492763852,0.5907637710612295,0.5492396350811746,clear
0.6639294624,0.0429764912,0.2930940688,Ghost,26,0.4576182456943254,0.8578101823126433,0.414918879334734,0.4420856211480749,clear
0.0173678566,0.6515986323,0.331033498,Ghoul,33,0.6281379528368588,0.4392520875993646,0.6375452862694215,0.6103209976983768,white
0.8503912687,0.0515834615,0.0980252773,Ghost,38,0.5126849963144569,0.6260724687811723,0.47033926974278645,0.23330879607351213,black
0.0739386156,0.4527849555,0.4732764363,Goblin,40,0.37950279825152977,0.5539216760079735,0.6588808367803141,0.6375384973248117,clear
0.8989451528,0.0319179036,0.0691370219,Ghost,41,0.2500577617354168,0.6122360145898703,0.28286163810979553,0.31191398702336076,blue
0.8310313821,0.073803857,0.0951647237,Ghost,42,0.3531752962474388,0.5753856229241963,0.5022458751303444,0.14140410246493493,white
0.0325936563,0.846109271,0.1212971136,Ghoul,43,0.4478504390165049,0.5644868086403372,0.7658031149672638,0.5679273463659914,clear
0.0523238666,0.754817605,0.192858547,Ghoul,44,0.5030254393959209,0.37795984696607177,0.4143506626164279,0.8364478532445255,clear
0.048859071,0.3669633865,0.584177494,Goblin,46,0.5951203409672623,0.36937163696476605,0.6215864691641507,0.41024228842589866,black
0.0501172543,0.502414763,0.4474679828,Ghoul,48,0.28437029887680865,0.20459901351834633,0.8270832039613956,0.6000115812296796,clear
0.1978903562,0.1200444475,0.6820651889,Goblin,49,0.47466639384796566,0.4282447632426354,0.36419980677178815,0.366822468871597,black
0.0778676122,0.3713496327,0.5507827401,Goblin,50,0.4434563699157796,0.5312089060996766,0.5178030284461085,0.5928781190440947,clear
0.0281896852,0.1310328394,0.8407775164,Goblin,51,0.39413901068983226,0.03940871610155387,0.5799694953949643,0.5947233907792913,clear
0.0160468984,0.7432787418,0.2406743318,Ghoul,52,0.6326746150845437,0.3889877396205964,0.723792855972625,0.5451095841804143,green
0.0548047908,0.282802701,0.6623924971,Goblin,53,0.5717541060297419,0.3712449422296153,0.5444494185546075,0.41637088260229255,green
0.0431033447,0.8607260585,0.0961705595,Ghoul,55,0.5562551734573848,0.8103938501409333,0.689320655547613,0.8878274884575238,blue
0.0542364568,0.69274652,0.2530170381,Ghoul,57,0.5243425076774092,0.38385333094676327,0.7580563801452407,0.40069523047773087,clear
0.0522777401,0.3293275237,0.6183947325,Goblin,59,0.554625965412402,0.3708810861757154,0.5078672918961085,0.5579274153876902,white
0.0241525173,0.641043067,0.3348044157,Ghoul,60,0.5879725960109469,0.546885035785316,0.6386987689427376,0.5510497158770515,white
0.0271977652,0.8450054526,0.1277968436,Ghoul,61,0.6904881728579825,0.7449560594310258,0.7082408588675015,0.6239384897623663,black
0.0300388336,0.1770470738,0.7929140329,Goblin,63,0.3467614659985456,0.313704182534835,0.6550069204326094,0.5590016699590189,white
0.0489372388,0.1762952358,0.774767518,Goblin,64,0.2984556251915397,0.3784945656491214,0.5529470320757048,0.609917653123177,clear
0.0095617194,0.9589238167,0.0315144509,Ghoul,65,0.5497399626600019,0.5179074770681487,0.8145692180921396,0.6798836311646418,clear
0.4406054318,0.1106662378,0.448728323,Goblin,66,0.3914291046291008,0.5814451977782966,0.5830589326795618,0.29501989601490525,black
0.0345593207,0.2932904959,0.672150135,Goblin,67,0.5089638383439511,0.4379650866828097,0.540076616473716,0.5383936443939418,black
0.6823228002,0.0870733038,0.2306038886,Ghost,68,0.5536397103966474,0.69666433824828,0.10920022079538874,0.39508322970188164,white
0.0274164099,0.6009238958,0.3716597259,Ghoul,74,0.4631057517642583,0.35105245621668046,0.527841717223586,0.7086891154851328,white
0.1415179223,0.084715493,0.7737665772,Goblin,76,0.3513371787418208,0.3984270897536595,0.4829354473946704,0.3165656367996537,clear
0.0394451916,0.5355799198,0.4249748886,Ghoul,77,0.41146807057099966,0.49013447385260933,0.6071321191426291,0.6917143833672279,white
0.0246032346,0.1416739374,0.8337228298,Goblin,78,0.46078681569124746,0.29112984364903377,0.5768509785886798,0.5859320699148629,white
0.0476856343,0.4264832735,0.5258311033,Goblin,81,0.3732384900476674,0.3727719089469302,0.5499039097731463,0.6699943078168068,white
0.4837096035,0.0377852842,0.4785051644,Ghost,83,0.2651505074250043,0.2352658371456831,0.3419555636522268,0.36000510099720223,clear
0.0359792076,0.5763219595,0.3876988888,Ghoul,87,0.5289359317300588,0.5730908108487507,0.6301247011737423,0.5259679653002403,white
0.0281243529,0.8626272082,0.1092483848,Ghoul,92,0.4474613862340273,0.5396578693664149,0.7857486817588856,0.6334096181566857,white
0.0322861522,0.8853684068,0.0823454335,Ghoul,97,0.3107614700024738,0.4568843765822272,0.7919072485638046,0.7702746712394052,clear
0.0202119108,0.8929879069,0.0868001804,Ghoul,98,0.4881260307968032,0.5770131382289531,0.8014966386705478,0.5121134567646318,white
0.1331747174,0.0928834304,0.7739418745,Goblin,99,0.4348897813353749,0.4433957845631879,0.4605653831956971,0.3466742193397672,clear
0.0285443421,0.2316931039,0.739762485,Goblin,100,0.421851948939279,0.4428466672204133,0.5875448490608994,0.551073138557929,clear
0.0778995678,0.3307471573,0.5913532972,Goblin,101,0.48466842436630975,0.7491364938881327,0.5760788093716763,0.6120893199628784,clear
0.95917207,0.0113382321,0.0294897687,Ghost,102,0.32712863297648165,0.6267456957699981,0.22619923643603662,0.12258858593339267,white
0.0798104554,0.1175810471,0.80260849,Goblin,104,0.3646669528697617,0.40547867384392294,0.6107992522689029,0.4104639485951505,clear
0.1522002071,0.0935373977,0.7542624474,Goblin,105,0.2684483979734463,0.031917989813814406,0.6050184753009145,0.325474988646481,white
0.7970744967,0.0259125326,0.1770129353,Ghost,106,0.29489166420134527,0.6998140566011373,0.30354310390705,0.3851643458990113,clear
0.0855311304,0.1086716652,0.8057971597,Goblin,108,0.46904802043777466,0.22107962761520167,0.5160276134737044,0.3210547791377947,black
0.0708907396,0.4682781398,0.4608311057,Ghoul,110,0.3110659038827984,0.5144600081121774,0.6113844284806541,0.6617420201398048,green
0.0137645938,0.9030429721,0.0831924155,Ghoul,112,0.5600167547432545,0.5402979251356519,0.6556323977545805,0.8502959564386291,white
0.8270524144,0.0444652289,0.1284823865,Ghost,114,0.498107966176188,0.6742604810845773,0.447133974458846,0.14396458961488995,white
0.1010842547,0.5047905445,0.3941252232,Ghoul,116,0.6008422098396432,0.5738942493696408,0.6739903067495482,0.392516279831907,green
0.0202880688,0.8689473867,0.1107644811,Ghoul,117,0.5197331893692335,0.5756271901129706,0.6125383817783723,0.7706989147296963,blue
0.6530805826,0.0433379002,0.3035815358,Ghost,120,0.35159978514094675,0.3885612990948275,0.4358205795499609,0.1678721567333141,clear
0.082791537,0.1681595892,0.7490488887,Goblin,121,0.5207219128210339,0.22349455000144927,0.44207117312188104,0.476938583721307,white
0.0244931914,0.7587690353,0.2167378366,Ghoul,122,0.5678544682912564,0.19100139300868096,0.6320850479512504,0.683249916667319,green
0.0683834702,0.4688892066,0.4627273381,Ghoul,123,0.5715237258714361,0.645111180074177,0.5359553987148031,0.5893907849709461,green
0.0213364195,0.9315428734,0.0471206531,Ghoul,124,0.39895482294134244,0.4969704793178844,0.7660464139526114,0.7632429967123413,white
0.0831607655,0.6899413466,0.2268978357,Ghoul,126,0.2230473300820926,0.5916437723872451,0.678433442264705,0.7363128279496082,clear
0.5323566198,0.1355209351,0.3321224153,Ghost,127,0.5604250789900155,0.6111158705445667,0.4327507584631401,0.4360939003661865,white
0.0733116642,0.6414499283,0.285238415,Ghoul,132,0.5831878632656119,0.5029607306811185,0.7031419684684374,0.4126715730338701,black
0.2568650842,0.1231661215,0.6199687719,Goblin,134,0.566765549410427,0.45216521412041333,0.2793792276833496,0.42426129614067765,clear
0.4053407013,0.1229327172,0.4717265666,Goblin,135,0.42745693519486466,0.7317272800057918,0.4235938564295579,0.5584982454402474,green
0.0680446401,0.320466429,0.6114889383,Goblin,136,0.5879786328069911,0.6806840997917202,0.5976797875957203,0.5440186382444387,black
0.0306074806,0.757529974,0.2118625641,Ghoul,137,0.7076771524114055,0.5570290655278608,0.5468306750244102,0.6333393125002545,clear
0.031418182,0.2920818031,0.6764999628,Goblin,138,0.5133438195136264,0.4467483149202369,0.52772873212851,0.5371880208195384,clear
0.0336071923,0.5181640983,0.4482287467,Ghoul,139,0.6130471913126025,0.5456481858361308,0.5868912751861909,0.5891426470813999,white
0.0297387019,0.521355927,0.4489053786,Ghoul,140,0.4003540586980651,0.2973307753651984,0.6715746725877639,0.6552817865005405,clear
0.026520595,0.3617691398,0.6117102504,Goblin,144,0.5251502639285929,0.20133168405438107,0.6351042975338347,0.5449899944926119,clear
0.7948555946,0.0305232592,0.1746211201,Ghost,145,0.3049521570434575,0.47317754847053334,0.45526121790501173,0.24160244762751018,clear
0.0942992717,0.0624828115,0.8432179689,Goblin,146,0.4379531099548981,0.26977211805399415,0.4488736066152935,0.4088860522131197,black
0.7820078135,0.0264150165,0.1915771961,Ghost,147,0.2549919738109668,0.4854969484492118,0.3601324996709283,0.31697487306531913,green
0.0197629072,0.1575569212,0.8226801753,Goblin,148,0.48693828817428053,0.0,0.5921285828784681,0.4597779759733987,white
0.021654563,0.6569076777,0.3214377761,Ghoul,149,0.5116952682263662,0.5173072817045169,0.6472811243349524,0.5957399506910853,white
0.0196526572,0.8695967793,0.1107505485,Ghoul,150,0.407437058749669,0.4165783717779933,0.7519001579447488,0.4977008300128979,clear
0.7398806214,0.0321652703,0.2279541194,Ghost,151,0.4023413508033286,0.5655693200826903,0.42002429814883785,0.3809206591600883,black
0.8924601078,0.0259285849,0.0816113055,Ghost,152,0.38538968025421183,0.5319981242138038,0.15923382443344156,0.254646416511589,clear
0.8523665667,0.0285672899,0.1190661937,Ghost,153,0.0,0.2881350540654788,0.450938371405229,0.20026171861534245,white
0.0650168732,0.0733216107,0.8616614938,Goblin,154,0.4379680214965543,0.30300489586436485,0.3848358999501954,0.4931597521081325,white
0.8713809252,0.0225463398,0.106072709,Ghost,156,0.167284592262925,0.7737429355286426,0.4468837428067572,0.3413831831453281,clear
0.8806430697,0.0201271158,0.0992297605,Ghost,158,0.33981683296442655,0.5202417653619259,0.3816460229648145,0.25860088511477236,black
0.9433237314,0.0181015469,0.0385747626,Ghost,160,0.20972731071431636,0.5295578885509363,0.23203316046333272,0.08401875651908133,black
0.8542563915,0.0420873649,0.1036562845,Ghost,164,0.5200726969708933,0.7523725247431258,0.44315429818755503,0.19197274845350926,white
0.0284168068,0.3256196678,0.6459635496,Goblin,166,0.42634407158879745,0.4306066297676095,0.6253100899972401,0.4859519132291185,green
0.490270853,0.0786674321,0.4310617447,Ghost,167,0.39489044336826756,0.4314820235204005,0.5729502626079417,0.2563261817942534,green
0.8779720664,0.0231988616,0.098829098,Ghost,169,0.17914417417657444,0.5706119012112626,0.3044396369095635,0.43846019527518404,clear
0.7562469244,0.0296536032,0.2140994668,Ghost,171,0.384520901855406,0.6090958435075446,0.3494605595976518,0.4387739799051622,clear
0.461673677,0.0995849669,0.4387413263,Ghost,173,0.3429682333837078,0.4797348853016324,0.5470029114651556,0.3114713336262618,black
0.2252313495,0.0858944133,0.6888742447,Goblin,178,0.5039215067998669,0.4168504142817824,0.3458802426846419,0.39067632675248376,black
0.0175258778,0.4116180837,0.5708560348,Goblin,179,0.548880338709564,0.21412744388030497,0.6718481221341174,0.47911095190498465,clear
0.1832848042,0.0445034727,0.7722117305,Goblin,181,0.3276823131519033,0.38747036338000207,0.43389083808507756,0.3651246622308374,clear
0.0425054729,0.2777838409,0.6797106862,Goblin,182,0.5919845951560941,0.38804797825749315,0.6529562442358468,0.38622566341545445,white
0.1274772137,0.1262220293,0.7463007569,Goblin,183,0.4446789354666771,0.45581965968248395,0.5802920309658365,0.43713906312764905,clear
0.0318734944,0.3794668913,0.5886596441,Goblin,184,0.37447793824944714,0.4255432251845536,0.6704627022065567,0.5891837150554916,clear
0.2651287615,0.1709636003,0.5639076829,Goblin,187,0.3357203509214739,0.5381151099927575,0.40376793968512714,0.44858469305144927,white
0.0232014451,0.9412434101,0.0355550796,Ghoul,188,1.0,0.78865974181576,0.7778942044900825,0.5996826074877823,white
0.0300823841,0.8145257235,0.1553918868,Ghoul,190,0.6341618529089357,0.2761126833635309,0.5156855645310802,0.6474840655369903,clear
0.0227538105,0.4671752155,0.5100709796,Goblin,191,0.5069096210256901,0.41051193463868724,0.6323585516138582,0.5517818895950117,clear
0.2900305986,0.2077308744,0.502238512,Goblin,196,0.43246262501975424,0.5407761602114006,0.5209603703525183,0.32305945595883234,clear
0.015117486,0.8091803789,0.175702095,Ghoul,198,0.550208836295346,0.5824012723768063,0.6997669786206279,0.5445842675813722,clear
0.0281543117,0.5426314473,0.4292142391,Ghoul,200,0.6252756727016037,0.5243627568326596,0.6282991970451849,0.5078748391166046,white
0.6201663017,0.0472753122,0.3325583935,Ghost,201,0.3337432403621598,0.38206053042224686,0.4474246544539901,0.23541640119753612,white
0.1925887764,0.0655421987,0.7418690324,Goblin,202,0.4670600930649561,0.38647446243620354,0.314547945050962,0.431274832136039,clear
0.4905611277,0.1167718172,0.3926670253,Ghost,203,0.1770848214809077,0.4028152958589301,0.4828463156165372,0.4280890621619898,black
0.1144377664,0.2922240496,0.5933381915,Goblin,207,0.3362296170091725,0.5434012146405611,0.6053631411431721,0.5361830103264583,black
0.0151378289,0.7902318835,0.1946302503,Ghoul,209,0.5425939779854945,0.47713010189036636,0.6954821413636714,0.5083503361976769,white
0.3459769487,0.0404760092,0.6135470271,Goblin,210,0.3242376220741427,0.4554051145114787,0.41230492202117647,0.35968982442777514,clear
0.238047421,0.1496394128,0.612313211,Goblin,211,0.6590871677207215,0.39080004356005904,0.3749950970189644,0.3114352611056152,blue
0.0179018509,0.2195217907,0.7625764012,Goblin,212,0.42242201161226206,0.22685193225020564,0.6490745914322867,0.5600455262373658,white
0.036467161,0.8727882504,0.0907445326,Ghoul,213,0.5399320449303149,0.4626186338279658,0.5202204829085116,0.8645286256925645,blue
0.7042934299,0.041569069,0.254137516,Ghost,214,0.5112707064629374,0.646853473085097,0.3652329341447997,0.33609849283662785,clear
0.0982761532,0.311550498,0.5901733637,Goblin,217,0.4518356063989548,0.5255460270260263,0.5253937344645968,0.5688891328276822,clear
0.6488871574,0.0759561583,0.2751567364,Ghost,220,0.13740359364249663,0.39949747981735884,0.5192859199533151,0.2969624038551378,white
0.9328910112,0.014666779,0.0524422377,Ghost,221,0.23761327018118114,0.4878540767114006,0.3774364318167383,0.25849133827327186,green
0.0343324058,0.4735126495,0.4921549559,Goblin,223,0.29973411173175,0.4369299254201276,0.6964597390651779,0.6112782689449139,white
0.0104042524,0.8926773667,0.0969183668,Ghoul,225,0.553314451497204,0.31994814795344295,0.7449314795654388,0.7417761899877239,white
0.7778556347,0.0490343682,0.1731099784,Ghost,228,0.5407368041897466,0.7520146911394116,0.2633562276400503,0.32658262474876354,clear
0.8745371699,0.0189818721,0.1064809337,Ghost,231,0.4374578072604482,0.6245875555740349,0.3088715660573096,0.28505171723916994,blue
0.8222261667,0.0507077202,0.1270661205,Ghost,232,0.2435109569814696,0.8745907662152681,0.5078385170395909,0.35550554106711735,white
0.0269045141,0.9331876636,0.0399077907,Ghoul,234,0.7648687213750686,0.7957912069894427,0.8216444735727002,0.5191860249178282,clear
0.0934612527,0.6608151197,0.2457235903,Ghoul,235,0.40961711017990204,0.4165968788646674,0.4482193571499691,0.809782807343295,green
0.8601136208,0.0221532546,0.1177330911,Ghost,236,0.2989201512973399,0.46673986679560897,0.32349145943097174,0.24553012035792454,white
0.0557714254,0.1916025132,0.7526260614,Goblin,238,0.3122313379466742,0.4464006670622731,0.5884070542041702,0.5030966362847662,white
0.0296701584,0.2964721918,0.6738576293,Goblin,239,0.3736305537715169,0.3597381176999297,0.6694800715422385,0.5215012911795918,clear
0.0157561377,0.871951282,0.1122926474,Ghoul,240,0.4970793052499803,0.41940945217701125,0.6648263631332165,0.8519359331417382,blue
0.5449225903,0.0578716062,0.3972058296,Ghost,241,0.40182420570454463,0.5047070080513483,0.46899140969913206,0.3745323475690934,black
0.0699949563,0.2967339158,0.6332711577,Goblin,242,0.3960319180060598,0.5018998163890201,0.578653903947541,0.5844476198711841,white
0.0124471737,0.9323436618,0.0552091524,Ghoul,243,0.5115000640565655,0.3260358984841549,0.9303755022741735,0.7009355175102377,white
0.0540356971,0.4736854732,0.4722788036,Ghoul,244,0.37686362436614074,0.36451678834585377,0.5992405495565335,0.6798759679529113,clear
0.1110102236,0.1290850788,0.7599046826,Goblin,245,0.4061699231875774,0.3737750778851317,0.44893093884495805,0.49022596321699285,blue
0.5113255978,0.0806803182,0.4079940915,Ghost,246,0.43003885052325463,0.47602845701256996,0.311498805308381,0.40417906869704107,clear
0.0191880539,0.8939112425,0.086900644,Ghoul,248,0.5351886330376607,0.4716863863317262,0.6273188660828083,1.0,blue
0.2186157107,0.0482361652,0.733148098,Goblin,249,0.3236300033764828,0.43387703730177346,0.36926751765505933,0.39384176284894334,clear
0.5555749536,0.0527362414,0.3916888535,Ghost,250,0.32048977240553156,0.516139985833795,0.44265265041561414,0.41575760088668456,black
0.0567637607,0.7073844671,0.2358517945,Ghoul,251,0.4484069522845501,0.4711091484022771,0.51363117844693,0.8139894802798346,white
0.0189336464,0.5283368826,0.4527294934,Ghoul,252,0.5930985277206363,0.453462211054166,0.6570581557606632,0.49869644204231356,clear
0.8369701505,0.0244415347,0.1385883093,Ghost,253,0.32447010285382366,0.6052552355673301,0.3491521425679277,0.33541478006610415,white
0.0329470895,0.5524628758,0.4145900607,Ghoul,254,0.4959028754386521,0.4430069057157371,0.6955813515881166,0.44327090459073126,white
0.7052993178,0.0411224551,0.2535782158,Ghost,255,0.32997113583569726,0.3620239129722385,0.44995264681405306,0.2352325565724526,black
0.9060253501,0.0217974894,0.0721771419,Ghost,256,0.3822085515945141,0.4936932286422626,0.0,0.22416760812872394,white
0.475415051,0.0965334177,0.4280515015,Ghost,257,0.4725973425619661,0.4954154453990313,0.32343348138776307,0.4215313745101699,white
0.0257952604,0.2542657554,0.7199389935,Goblin,259,0.41760628223457524,0.39658347434745866,0.6141868493125999,0.6350977738594711,white
0.0396915749,0.7539511323,0.2063572556,Ghoul,260,0.6809549759056938,0.5151690075502355,0.6448703965384932,0.4804667920186441,blood
0.0194935557,0.5550243258,0.4254821539,Ghoul,267,0.4210410059507123,0.3808607029848313,0.6837098328159051,0.530724191707382,white
0.0823892429,0.2175584137,0.700052321,Goblin,269,0.4768877175802828,0.4152984812920393,0.4495681058398764,0.5646716587901072,white
0.073587887,0.069019556,0.8573925495,Goblin,270,0.31456001345944157,0.19755256228038603,0.6288848448593913,0.3927334746161549,black
0.789637804,0.0607217252,0.1496404707,Ghost,271,0.24962082217942547,0.7026242989264166,0.2985002451723868,0.4555497717044402,clear
0.0087116743,0.9429277778,0.0483605452,Ghoul,273,0.561852519059607,0.4613789016838969,0.682091298382773,0.7591730821726327,white
0.0095458133,0.8279476166,0.1625065207,Ghoul,274,0.6144214575586121,0.44649790882655477,0.7234518168236623,0.5934918284856219,white
0.8321965933,0.0321285762,0.1356748939,Ghost,275,0.222873036337833,0.6736082376218325,0.5895179451636969,0.27473501568832404,clear
0.0318442099,0.9223929644,0.0457628146,Ghoul,276,0.5282444828258913,0.8294614700359552,0.8408384043745764,0.7995681285756628,white
0.009712128,0.958571434,0.0317164399,Ghoul,277,0.4838711922575803,0.48581858317461873,0.823177188190902,0.7792977838566093,clear
0.0587931089,0.5327896476,0.4084172845,Ghoul,278,0.3847917979385725,0.5135762600399497,0.645218950301834,0.6930155079366472,white
0.0371807329,0.5197395086,0.4430797696,Ghoul,279,0.35687019308392115,0.270831833159545,0.7882539172016431,0.4902623790515179,white
0.0259696469,0.2481199205,0.7259104252,Goblin,280,0.4791984530735344,0.26436536406333827,0.548163845484996,0.5738846415753595,black
0.9247810841,0.0162863545,0.0589325465,Ghost,281,0.29296113889279185,0.5995984191796542,0.35997691529024883,0.14411995740146763,white
0.8714908957,0.0423926674,0.0861164406,Ghost,284,0.4222780352556623,0.5150379348966408,0.19000821890510974,0.14941722709448857,white
0.1703971326,0.184208259,0.6453946233,Goblin,288,0.40829045856800283,0.5406254043103054,0.5953897038056885,0.3874626242193229,clear
0.9316365123,0.019659413,0.048704043,Ghost,289,0.4944854403489842,0.7866796261030942,0.1790064839528763,0.12743167775978287,white
0.0706171542,0.0912399143,0.8381429315,Goblin,290,0.3482598280541355,0.37608239485422046,0.5948981560872598,0.43600146227951997,white
0.8006718159,0.0418331921,0.1574950218,Ghost,292,0.5056195821749433,0.5595322957031755,0.3317974395170349,0.2822818143543033,white
0.8792929053,0.0214282405,0.0992789268,Ghost,295,0.1692128705489467,0.5549657398416898,0.42658895742447256,0.3078596864277284,black
0.0548104532,0.7950353622,0.1501541734,Ghoul,297,0.5459554243490163,0.5208272312223075,0.4489362316115237,0.7586996537696911,white
0.9604589343,0.0096484441,0.0298925787,Ghost,298,0.3836287384441427,0.7671260773774166,0.174065615646599,0.16943290030048969,black
0.0989506617,0.3495050967,0.5515441895,Goblin,303,0.6107494781862837,0.48687615946300505,0.6550696550759325,0.34567495916195334,black
0.0298573151,0.7017436624,0.26839903,Ghoul,304,0.5168179797356167,0.6912861487856125,0.7177207130465573,0.5369324876285495,white
0.0094415229,0.9632066488,0.0273517892,Ghoul,308,0.680601325078002,0.581756938482083,0.8057415613537562,0.5742977402876881,clear
0.2476862818,0.0576738119,0.6946399212,Goblin,309,0.31160309412220494,0.4209873147178715,0.3499858357826982,0.38238472041003874,white
0.0089823091,0.9635586739,0.0274590496,Ghoul,310,0.6095382653312155,0.42613758567210835,0.8556673465707568,0.6787119839599532,clear
0.0302287675,0.8533591032,0.116412133,Ghoul,311,0.5190241148927166,0.1844867300219792,0.5079588348287183,0.7811388746726156,white
0.0656184405,0.5894738436,0.3449077606,Ghoul,312,0.5748090089657171,0.4711621368203229,0.715405308102166,0.4191332601514756,black
0.9054624438,0.0254982226,0.0690393224,Ghost,314,0.4184869037261067,0.6020861105820349,0.337510372063191,0.20164189218746884,white
0.4340771139,0.1154632941,0.4504595995,Goblin,316,0.42516788219630286,0.8376761706217696,0.4294527400631347,0.4797964881108457,green
0.0123118944,0.8443921804,0.1432959735,Ghoul,317,0.5295352673066082,0.4783404873194023,0.7357997684789724,0.5617385154135212,green
0.5268865824,0.1123286709,0.3607847393,Ghost,318,0.36437247451434984,0.7067225629308764,0.20814091885459496,0.44828425386775633,clear
0.9054455161,0.0179286413,0.0766257793,Ghost,319,0.25807128848978994,0.6280237958540617,0.2013153133585437,0.3857365296298724,white
0.049366191,0.2408773303,0.709756434,Goblin,320,0.4194471542767579,0.45701227639384007,0.5454934725372421,0.4912177486811636,clear
0.1150209308,0.3561029732,0.5288760662,Goblin,322,0.4163822061579792,0.5204689308305253,0.5118977960498209,0.5694171282212698,clear
0.0290449131,0.5168958902,0.4540592134,Ghoul,326,0.36478466350087885,0.39906119935693773,0.6555163903081073,0.7034072479218858,white
0.19733046,0.5968666673,0.2058028877,Ghoul,328,0.5181461430222946,0.8264244504790538,0.8091231264276035,0.39621006811687826,white
0.9434024096,0.018929217,0.0376683101,Ghost,330,0.4058796505369044,0.5992877082530673,0.24073483065962364,0.17380627543745236,black
0.8459509611,0.0179671403,0.1360818595,Ghost,331,0.3607241265478471,0.8168136768311567,0.3493969929583791,0.30573062606292095,green
0.0243736189,0.7675057054,0.2081206739,Ghoul,332,0.41628763726868034,0.2647753405109291,0.9109826633172027,0.5942955131183724,white
0.0783338398,0.0833570957,0.8383090496,Goblin,334,0.4827702906761841,0.2913317496690198,0.35148905159779176,0.4560549878170583,blue
0.8004549146,0.052887015,0.1466580778,Ghost,335,0.23495898239827906,0.640291798650388,0.33355947372325384,0.4861376140401375,green
0.0926565975,0.7753731608,0.1319702119,Ghoul,337,0.3936938432596959,0.8104928084987972,0.9226768839671764,0.6682541409408165,white
0.139285624,0.2215394229,0.6391749978,Goblin,341,0.32388748337474926,0.6589947687762145,0.5698502066663197,0.5431823616232254,white
0.0904055014,0.1896749288,0.7199195623,Goblin,344,0.4898933449644223,0.37160610159413826,0.6044393788447546,0.3036742693267865,white
0.0359926336,0.3074278831,0.6565794945,Goblin,345,0.5357566668362416,0.358899710568444,0.5306236904227741,0.5375236826746468,clear
0.0297492575,0.705055654,0.2651951015,Ghoul,347,0.6517986738180114,0.5874874952118235,0.6278892878398884,0.5495486635943537,clear
0.0135242371,0.7241129279,0.262362808,Ghoul,348,0.5122300257510431,0.40830521312195406,0.7370607028654401,0.5777804916017444,black
0.9222562909,0.0119922543,0.0657514408,Ghost,349,0.28101582120329166,0.657648479390109,0.3833512360180918,0.23387616616605572,white
0.9650478363,0.0106931133,0.0242590662,Ghost,350,0.08825938471619091,0.5717753956175641,0.41482206856453674,0.19337505858289178,black
0.843664825,0.0313647129,0.1249704957,Ghost,352,0.3005941504230982,0.369538452297306,0.15790179009504282,0.04527240144579485,clear
0.7190588117,0.0494945422,0.231446594,Ghost,353,0.21532889053440354,0.43123322812472276,0.3265789403076747,0.3704900959198366,white
0.0387729332,0.4554368258,0.5057902932,Goblin,354,0.44537729705802476,0.42620071988567076,0.565223064086641,0.647754542808579,white
0.7437886596,0.0704121664,0.1857991368,Ghost,356,0.17450568008144887,0.4068007782490589,0.15977033737060045,0.5789687669716089,white
0.1698175669,0.1676244289,0.6625580192,Goblin,357,0.4177645655050958,0.45986172903946365,0.6338520188714625,0.35220078789048787,clear
0.6313388944,0.0341033041,0.3345578015,Ghost,360,0.33057758231051704,0.33996440397646877,0.42838989712257847,0.27616529508181514,white
0.0827379599,0.1045550779,0.8127068877,Goblin,361,0.39481802876274746,0.44131800538983956,0.5591788719815032,0.43284195816049176,white
0.0256781075,0.8492444158,0.1250774413,Ghoul,363,0.4658285017588368,0.4373958118389466,0.7609438468921337,0.5191133380791957,white
0.1792964935,0.0483855568,0.772317946,Goblin,364,0.3411614335885294,0.3869392010961359,0.4073744298873864,0.37317190945859385,white
0.3518728614,0.1213647947,0.5267623067,Goblin,365,0.44861958102642163,0.6298338077635623,0.42868460835072003,0.4647171533399647,white
0.9160578251,0.0152235385,0.0687186196,Ghost,370,0.3829007097262867,0.6082187086231118,0.4222738739965414,0.25575887373785505,clear
0.9157961011,0.0177633185,0.066440545,Ghost,371,0.34231227917428486,0.7461356234368545,0.15778975142943963,0.3451875774626045,black
0.1266711354,0.032260377,0.8410684466,Goblin,372,0.35556421400849014,0.25678447255291253,0.38818892433510777,0.44322230934496853,white
0.3040425181,0.1418601125,0.5540973544,Goblin,373,0.39808442597224125,0.5114942615326329,0.42136673897578025,0.4700042609878476,clear
0.0255353823,0.5135530829,0.4609115422,Ghoul,374,0.5514966863835439,0.42725828187569104,0.6108767156050782,0.5497227949798921,white
0.98051548,0.0072287987,0.0122557189,Ghost,376,0.24607407818404292,0.7634032291897016,0.1664978925610756,0.25657768007437315,green
0.0459689461,0.8558418155,0.0981892049,Ghoul,377,0.6199611569841437,0.5821299843865279,0.5161860958138054,0.9365782007370672,black
0.0418488383,0.1563004404,0.8018507361,Goblin,378,0.4279651687122552,0.18577144304607424,0.5102610478252496,0.45559441714777327,white
0.0414674357,0.1809659004,0.7775666118,Goblin,379,0.4664770840508642,0.3612804948143195,0.6398917645119595,0.43540583064073035,clear
0.0886991769,0.0935427994,0.8177579641,Goblin,380,0.34665057649251146,0.3664984348346344,0.6038737709382982,0.3720417421516769,clear
0.2439753413,0.1126202717,0.6434043646,Goblin,381,0.36821376549612367,0.4633633485770101,0.3517146463019302,0.6116893335853562,white
0.0115473522,0.9079063535,0.0805463493,Ghoul,382,0.5131221081712452,0.3447379441668081,0.6934877458647156,0.779581530429515,clear
0.0232990924,0.5881943107,0.3885066211,Ghoul,383,0.5287047934808884,0.45188610610041924,0.6110508994545605,0.6112363213092522,white
0.2611486018,0.1742670685,0.5645843744,Goblin,384,0.24395003216880395,0.27765659013513383,0.5322125134083017,0.49988372330940267,white
0.9455540776,0.0172677301,0.0371781923,Ghost,386,0.4338350539758611,0.7480317406369715,0.27549969557693366,0.24239977117613415,clear
0.9565184116,0.0139634581,0.0295181032,Ghost,388,0.2112723709165252,0.45234892470509114,0.210511724958144,0.2081094423681471,white
0.0634307489,0.1326097846,0.8039594889,Goblin,391,0.36694190992012793,0.327831582438932,0.5174891137613128,0.4841919248829228,clear
0.7594423294,0.0442081988,0.1963494867,Ghost,392,0.20896308486792256,0.5369667107853855,0.4379554283336817,0.393955229434231,green
0.4348708689,0.0535063222,0.5116228461,Goblin,395,0.21805390455922133,0.2344966678723861,0.4421491965714464,0.41501247671478814,white
0.1880720407,0.4242143035,0.3877136707,Ghoul,396,0.1595519558409285,0.4899310916709917,0.6687164860717668,0.5287763367153374,white
0.8247249126,0.025184311,0.150090754,Ghost,398,0.30741831407372705,0.5697332728805543,0.36054188024967854,0.3489786110937999,white
0.9428057075,0.0131280459,0.0440663099,Ghost,400,0.21158220042373052,0.7537994807590065,0.31829408664151027,0.30876891806455353,black
0.9026030898,0.022070175,0.0753267929,Ghost,402,0.33907139870430675,0.5501588819773622,0.2838653403189194,0.3343492331417785,blood
0.0194425192,0.7301563621,0.2504011393,Ghoul,403,0.5069457616823208,0.39864865950569944,0.6252922432344344,0.6459389288168766,clear
0.8178060651,0.0684592873,0.1137346551,Ghost,405,0.4438695397648585,0.5576125530191866,0.479529334223406,0.22730624235821786,black
0.0095685292,0.9634237885,0.0270076245,Ghoul,406,0.5696643337351128,0.5107724042891321,0.8161306753367513,0.6912999657855128,white
0.1352600157,0.3930160105,0.4717239738,Goblin,407,0.3073776645366318,0.6772679522575865,0.5560725904584494,0.6683241735380704,clear
0.1599396318,0.4146957397,0.4253645837,Goblin,408,0.5115416027132734,0.6101424189127747,0.489385877068563,0.5262554247764369,clear
0.8638936877,0.021980904,0.1141254008,Ghost,411,0.32192232499516643,0.6197945034884502,0.34181112558153665,0.3220087310943427,white
0.7675281763,0.0483075492,0.1841642559,Ghost,413,0.24168951558720458,0.4399779916811773,0.2588113057469768,0.36848885723820163,white
0.9808889031,0.007530184,0.011580932,Ghost,414,0.25259373580851785,0.7633289035881615,0.22049010076505812,0.18172132087429396,clear
0.902431488,0.0131448088,0.0844236612,Ghost,415,0.3182309482947957,0.7423529725364101,0.3489436506876568,0.28217794148482,green
0.1719402522,0.1087055877,0.7193541527,Goblin,417,0.40137757186628403,0.46000929928781153,0.4639711897316906,0.4661675978644442,white
0.4617528021,0.128919065,0.4093281031,Ghost,418,0.37933008037953553,0.5777987586930311,0.5398270923365179,0.3432873324831549,white
0.0585155487,0.1406065226,0.8008778691,Goblin,420,0.3660307973869193,0.3235154127101977,0.5739396449248075,0.47297941887409284,black
0.9608849287,0.0104305698,0.0286845211,Ghost,423,0.3889238881572607,0.8223921876703736,0.29970293993406116,0.03391852101982054,clear
0.8178525567,0.0299463701,0.1522011012,Ghost,424,0.2526667265567284,0.5166514631786134,0.34148771187591453,0.38152019025969286,white
0.0830306485,0.2269320637,0.6900373101,Goblin,425,0.32740642036213224,0.35405915747333816,0.5629669758998465,0.6389100615116899,green
0.8747333288,0.0256201122,0.099646531,Ghost,426,0.11655346705842826,0.6181124258107893,0.4558549960121809,0.31631385459483263,white
0.3316129446,0.0566922463,0.6116948128,Goblin,430,0.28772190642337525,0.3930159506705893,0.31719427793871874,0.3759876580161814,white
0.6162335873,0.0371632315,0.3466031551,Ghost,431,0.3167183566939154,0.4950447690988307,0.38120434083207144,0.42976362993682704,green
0.2227815539,0.3416647911,0.4355536401,Goblin,432,0.6478738779347598,0.8942676470148091,0.5878147250232878,0.35221881680173883,white
0.1866869032,0.42080158,0.392511487,Ghoul,433,0.5212925519672124,0.5710355360142007,0.47267809565903673,0.5695904201641342,white
0.0318559892,0.3744940758,0.5936499238,Goblin,436,0.5940502766580482,0.341295520188405,0.6033110209805236,0.5429137454280544,white
0.9426746368,0.0131797697,0.0441456474,Ghost,437,0.3259884511536,0.6503419632410924,0.41251857512932416,0.05974567209384213,clear
0.0382101834,0.8452416062,0.1165481731,Ghoul,438,0.7401423467692234,0.35123188088870233,0.8102094032610065,0.4169373426334445,white
0.3554794192,0.1039026901,0.5406178832,Goblin,439,0.5522276910150467,0.4419180770962227,0.4459055654523344,0.29154590829637445,white
0.9305374622,0.0145252896,0.0549372956,Ghost,440,0.36201591335462985,0.6292239530925214,0.46795628413709756,0.16072109822573497,clear
0.8166168928,0.0431563519,0.1402267218,Ghost,441,0.3696431119413836,0.6217213116996414,0.5587675080697743,0.22055170530212892,clear
0.061017897,0.1538980454,0.7850840092,Goblin,442,0.373627858936971,0.25906787654049873,0.5679417237720685,0.6218556251860372,blue
0.7066445947,0.0336774364,0.2596779168,Ghost,443,0.4038316686325056,0.459960120743419,0.18679531958226878,0.3609376950024482,clear
0.205496639,0.305556953,0.4889463484,Goblin,444,0.5157410753143584,0.6837616120584316,0.6017253490791864,0.4143625027019137,green
0.0681447759,0.3586108983,0.5732443333,Goblin,445,0.6424458108630285,0.3921143739018883,0.6014872541866143,0.32401803506656596,clear
0.0481723696,0.6123434305,0.3394842446,Ghoul,446,0.8674136858763195,0.6666804949356574,0.5666713297978474,0.6356397333410543,white
0.0510496013,0.478348434,0.4706019759,Ghoul,449,0.5258215422396922,0.6429543079810627,0.631137622458953,0.5482098015088046,clear
0.0189282168,0.7587271929,0.2223445475,Ghoul,451,0.5080259492573638,0.5192984085468701,0.7110060582303122,0.45115127301050617,clear
0.2112189382,0.0826501846,0.7061308622,Goblin,452,0.48744365078967883,0.4488419499559008,0.35945781134290505,0.3663454734528192,black
0.6842019558,0.0656722337,0.2501258254,Ghost,453,0.28412330561905724,0.5559899264748182,0.5115013151481869,0.3410774373621686,clear
0.0291213524,0.650908947,0.3199696839,Ghoul,455,0.4738874205694538,0.3812281589375519,0.5830061283778128,0.7050377093553997,green
0.1080945283,0.2298174202,0.6620880365,Goblin,456,0.2731159367453166,0.39783406473208566,0.7169953462394386,0.4259142379720835,white
0.3435068429,0.1634315848,0.4930616021,Goblin,457,0.43808143416559986,0.6009032061522178,0.41563877839959495,0.4531475580325163,clear
0.1852251887,0.0739605054,0.7408143282,Goblin,459,0.3382237902327117,0.22035495334003366,0.24695544179305526,0.4941812571445353,green
0.010169928,0.915073216,0.0747568458,Ghoul,460,0.7605811681302626,0.6092061179455268,0.7334214616348529,0.5845494512633747,white
0.0167830959,0.7632846236,0.2199322432,Ghoul,461,0.5418717332729626,0.38798576249489597,0.7016066315546889,0.5518454907552224,clear
0.0248692464,0.2867177725,0.6884129643,Goblin,463,0.4529957952481834,0.3379480088020866,0.6699243208535616,0.49219365348118455,clear
0.0869926736,0.7922295332,0.120777823,Ghoul,468,0.30688830095117,0.5685590850599341,0.8036585883576821,0.5307054974379443,clear
0.0555106737,0.118822515,0.8256667852,Goblin,469,0.3907809452377968,0.10331897165052673,0.7184264951293484,0.3645890684934394,green
0.5180823207,0.0691724345,0.4127452374,Ghost,471,0.36698729713927686,0.5424509989717241,0.4433080416718525,0.3747689575910386,clear
0.860455215,0.0293197222,0.110225074,Ghost,473,0.3004691044321174,0.4014896395300975,0.2696526031533366,0.2332710053166063,clear
0.2816036046,0.1461552829,0.5722411275,Goblin,474,0.23535297999361227,0.3147159930962501,0.5766427554398121,0.37723784208060296,white
0.0087958993,0.9703045487,0.020899497,Ghoul,475,0.5394027483328363,0.6111911826189094,0.8161287721363942,0.9517955769824781,white
0.0212297179,0.8624908328,0.116279453,Ghoul,477,0.574352599829187,0.397086368569454,0.5620281363402164,0.7676579992854196,clear
0.0163745899,0.8468393683,0.1367860585,Ghoul,478,0.6449313570658279,0.6073495170444614,0.6719584138529728,0.458600696594119,white
0.0714717507,0.6614817381,0.2670464814,Ghoul,479,0.3029550456568648,0.13611260188420427,0.5186777256450369,0.7954124449049054,green
0.4030475616,0.1450009793,0.451951474,Goblin,480,0.3839007169440807,0.5181652642890663,0.2937502244174747,0.5323015268243051,white
0.085850209,0.5989505649,0.3151991963,Ghoul,483,0.653926956365702,0.48653078013620793,0.715814565840034,0.33404535535700586,blood
0.2624624074,0.2232476473,0.5142899752,Goblin,484,0.485806345347453,0.5936167139420936,0.37033319404635795,0.4743367595893747,black
0.6164446473,0.0894645229,0.294090867,Ghost,485,0.5082448310318795,0.46135501845964283,0.4441338387503502,0.03776649135986402,white
0.0944981799,0.5992410183,0.3062607944,Ghoul,486,0.546249956247947,0.5759074066500682,0.6827085105355448,0.4042260381512682,blue
0.8635355234,0.0229701847,0.1134942845,Ghost,488,0.36393975269254325,0.6552904607843621,0.2803749571730548,0.42779496024689845,black
0.0276027974,0.7489196062,0.2234775722,Ghoul,489,0.5100281974044549,0.1899862313594451,0.7599809511105825,0.5345960686447466,white
0.0595179126,0.3872663677,0.5532157421,Goblin,490,0.40387375620614197,0.5189394276493586,0.594646277349824,0.6419899366979113,clear
0.1200995669,0.1304178685,0.7494825125,Goblin,491,0.5072522058130762,0.37672547982628446,0.40191957199494255,0.4481105368276099,green
0.0441189818,0.4003654718,0.5555155277,Goblin,493,0.5362096673952482,0.5922418927655875,0.5949629236166555,0.522605382743332,black
0.8648430109,0.0271645375,0.1079924405,Ghost,496,0.30636480862498194,0.5447434325853833,0.36346130584797814,0.19439726499675097,white
0.0759469792,0.2702565789,0.6537964344,Goblin,498,0.5211439517293694,0.3533834012681636,0.6355616512147567,0.40612444283107046,clear
0.8913610578,0.0227980949,0.0858407915,Ghost,499,0.4613341742791986,0.6419734183154888,0.4187487244789009,0.20441369042537033,blue
0.1754701585,0.4940070212,0.3305228055,Ghoul,500,0.4425755076336632,0.5641397889474312,0.3521782084345892,0.7559115842081346,white
0.0782020167,0.5649963021,0.3568016589,Ghoul,503,0.5201460035789255,0.3241684064929913,0.7736806600094791,0.34958350961655094,clear
0.2204137892,0.5943440199,0.185242191,Ghoul,504,0.45851013586508554,0.5831368610194222,0.2133684599932089,0.8120382418191698,blue
0.7594562769,0.0374843478,0.2030593753,Ghost,505,0.3033669979933212,0.5187878285699442,0.272568194509707,0.34127255747072105,clear
0.792644918,0.0553084649,0.1520466208,Ghost,508,0.32894472832233074,0.5155739004881061,0.5618165713727294,0.17787911421402872,white
0.0405614413,0.7205162048,0.2389223278,Ghoul,512,0.5296932888533386,0.6936712972881888,0.5867972815505128,0.9166720626833341,green
0.0986308679,0.4120889008,0.489280194,Goblin,513,0.4733699899801302,0.5019488249234402,0.7036974900162845,0.3968851772632841,clear
0.1287924349,0.2651853859,0.6060221195,Goblin,516,0.35951106105655867,0.7536005164834216,0.6147263762957768,0.5767003481063679,clear
0.1407796293,0.3568252623,0.5023950934,Goblin,517,0.5501923962940163,0.5131428170987866,0.554356967110914,0.3297398667700769,green
0.5382328629,0.0625117123,0.3992554545,Ghost,519,0.35253107487137186,0.42153012908750365,0.331362479130976,0.30063648794029574,black
0.1124064252,0.2216054648,0.6659881473,Goblin,521,0.3132475771567679,0.6648946040348365,0.5899440767908279,0.583720543286616,clear
0.010578664,0.8678041697,0.1216172278,Ghoul,522,0.5358187746771933,0.46718260337131173,0.7472062028771415,0.5728618765958936,white
0.0221628621,0.8183364272,0.1595007181,Ghoul,524,0.6115939180081914,0.21305913064372053,0.7550050304614839,0.4489119924006341,white
0.0527634583,0.1665256619,0.780710876,Goblin,525,0.41395948358895324,0.2824001119685779,0.5517258512390002,0.3603008315482184,blue
0.933036983,0.0276181325,0.0393448398,Ghost,526,0.47560991412938014,0.6749012449888668,0.23523261849008018,0.27352415996785445,blue
0.7187658548,0.0839431882,0.1972909421,Ghost,527,0.5265354940120135,1.0,0.20761364744645738,0.4383023947689613,white
0.054525964,0.4589910209,0.4864829779,Goblin,529,0.30790762157281365,0.5173252672661095,0.6734996312873146,0.5607389120159275,white
0.2132217586,0.038924586,0.7478536367,Goblin,530,0.3093485743162329,0.24329424902982608,0.368118211628734,0.350694469297328,black
0.862729609,0.0319461338,0.1053242236,Ghost,531,0.47006755161398567,0.4643660166412273,0.225508791919365,0.20222336260266416,clear
0.9147540927,0.0181575771,0.0670883209,Ghost,532,0.1981087896172912,0.6195994435242148,0.3342848859246977,0.3993321841939012,clear
0.0462883972,0.6513260603,0.302385509,Ghoul,533,0.6826644364526416,0.6753256337241365,0.5307048845312473,0.46179471552040247,clear
0.6198480725,0.088121511,0.2920303941,Ghost,535,0.3264416309389668,0.936040681441413,0.35230734986447704,0.5380775688137295,clear
0.2108035088,0.050808806,0.7383876443,Goblin,537,0.2954031295948763,0.3791029749544328,0.3586954475898383,0.4072346996588483,white
0.0914777815,0.7805023789,0.1280198097,Ghoul,538,0.533034730863401,0.43905137893697294,0.30916968224267866,0.8780626523233683,white
0.2102484256,0.6082660556,0.1814855635,Ghoul,539,0.21269276784409713,0.31762907902256804,0.7579192285766505,0.5085276579037898,black
0.8889071345,0.0204883888,0.0906044692,Ghost,541,0.34778293226307866,0.6840797977902257,0.27437055155217344,0.3333230984431736,clear
0.1817407906,0.2342613786,0.5839978456,Goblin,543,0.48718153243718143,0.5707088332125761,0.6229161440227043,0.3109356719416821,clear
0.9429075122,0.0146039259,0.0424885489,Ghost,544,0.33031949271270983,0.7168094961881181,0.3997853100369517,0.15759843146753535,blue
0.0961383283,0.3232583404,0.5806033015,Goblin,546,0.2866916359245163,0.28787286116065924,0.3989165844106507,0.6970148727510603,green
0.867752552,0.0272087883,0.1050386727,Ghost,548,0.3293832170052798,0.7599601366166309,0.22489398868139387,0.40815572231915825,white
0.0106941983,0.9629314542,0.0263743829,Ghoul,550,0.7403123743876209,0.5638281592043698,0.7916529712620527,0.5542906090598819,white
0.0178953726,0.8398935199,0.1422110647,Ghoul,551,0.5709993431383058,0.7254505400278517,0.7385879914422299,0.5604649576507542,white
0.0374743342,0.3631002903,0.5994254351,Goblin,554,0.5769672272711012,0.41332881622078643,0.5744897533573844,0.4494874001589649,white
0.0339925252,0.2970609963,0.6689465046,Goblin,555,0.4296948475807842,0.40958083033210013,0.6021722363612484,0.4786939552692763,white
0.8916030526,0.0240077097,0.0843892172,Ghost,560,0.12043204026960873,0.6912555992453085,0.4371902576761303,0.4207602772351428,black
0.9554286599,0.0122430092,0.0323283747,Ghost,562,0.38059623523266284,0.5616348480595834,0.26591908254471047,0.219200408869285,clear
0.0352748148,0.5534793139,0.4112459123,Ghoul,563,0.4940616062045604,0.6851399278378738,0.663955948429666,0.5306199883644565,clear
0.4643616974,0.0690414757,0.4665968418,Goblin,566,0.3351416800885596,0.36567065417193484,0.24719369763140617,0.30177408101518455,white
0.0160808787,0.9268811345,0.0570379868,Ghoul,567,0.4938891603368497,0.6565006721068438,0.7762519838386587,0.6297150805354382,clear
0.0611678883,0.5876478553,0.3511842489,Ghoul,568,0.33148314951638813,0.550737028251686,0.6971153312862904,0.5770985894456273,clear
0.0115966341,0.9110583663,0.077345036,Ghoul,569,0.5011977286174164,0.5483681582700566,0.6396160487666956,0.7743874226679698,black
0.0210446529,0.6624331474,0.3165222108,Ghoul,571,0.45400425273103723,0.4121321676296524,0.7371447268788197,0.4819249697063481,black
0.267162621,0.4407064617,0.2921309769,Ghoul,572,0.2513377155895588,0.3582840389060967,0.5667756186176923,0.6394074591528147,black
0.0617186502,0.2935794294,0.6447018981,Goblin,573,0.45440871971776686,0.5900065678599504,0.563659579996268,0.5983372003602576,clear
0.0817144439,0.1573081762,0.7609773278,Goblin,576,0.5060119604429549,0.15356606061062214,0.4469132080841509,0.5128331921840537,green
0.6618828177,0.1184236109,0.2196935713,Ghost,577,0.2370913649186435,0.7000797832164153,0.557378028204559,0.33499477236267505,blue
0.1460036635,0.1127073392,0.7412890196,Goblin,578,0.3829553542206319,0.449633520123755,0.463620728102681,0.49261455850121894,clear
0.9655113816,0.0093207415,0.0251679178,Ghost,587,0.22061780707379916,0.6536167950034993,0.4175372517930383,0.2692985707838597,white
0.0399581417,0.4852928817,0.4747489989,Ghoul,588,0.5272524243049119,0.3209245770951177,0.5854263718100161,0.6248997613899202,blue
0.8722446561,0.0503467731,0.0774086043,Ghost,591,0.32886789111772674,0.6669763372118368,0.5392322496274106,0.15084762389464615,white
0.0231466275,0.6229129434,0.3539403975,Ghoul,592,0.47943189544094955,0.35088314703441575,0.7225214298174563,0.49189358750074125,green
0.0332870446,0.8160033822,0.1507095098,Ghoul,595,0.7333905757073006,0.18836596333258224,0.5022641827061886,0.6631196303677144,white
0.9436437488,0.014047578,0.0423086844,Ghost,596,0.15990993538801446,0.5290537381908346,0.3652021842164486,0.17158848502967922,clear
0.0121719968,0.8678944111,0.1199336424,Ghoul,597,0.7214682861315215,0.43217875415144064,0.6873564035287503,0.5564796038436594,blue
0.8702574968,0.0245909654,0.1051514894,Ghost,599,0.3973807022599403,0.7651188426954001,0.34271390186572803,0.3735605019385111,white
0.0263753925,0.3681692779,0.6054552794,Goblin,602,0.4951192041453382,0.241558293559998,0.5534399161066396,0.6323884237182542,white
0.0461301841,0.4249011576,0.5289686918,Goblin,603,0.45580300397539564,0.5120274928401471,0.6591216165998373,0.4768894505802285,green
0.0691614747,0.3631410301,0.5676974654,Goblin,605,0.3851995425307734,0.4793658302040655,0.6397527362121581,0.5510321580890645,white
0.9688030481,0.0091308812,0.0220660362,Ghost,606,0.20257871878334363,0.5681083739003181,0.4175364487718448,0.057892979303222875,clear
0.9259053469,0.0185283162,0.0555663705,Ghost,611,0.37941779965533823,0.5584484666726003,0.20008680270402304,0.32760056632502194,green
0.0329416692,0.8818914294,0.0851668566,Ghoul,612,0.565613756492146,0.4361533430532443,0.5068441470403571,0.8658926947328881,clear
0.1578856111,0.084487766,0.7576266527,Goblin,613,0.282410491599326,0.3186767982312148,0.4603648418865787,0.5408020152182237,blue
0.8860408664,0.0483198464,0.0656392872,Ghost,615,0.19132663232481883,0.7593288692632891,0.2939954671441677,0.49670286154832105,clear
0.582445085,0.115425013,0.3021298647,Ghost,618,0.35635924667406493,0.5100652734511394,0.5115192733257167,0.3830502250291528,white
0.9503647089,0.0119799208,0.0376553386,Ghost,619,0.28895421107029184,0.604120122406464,0.3587542819886238,0.0,clear
0.5133833885,0.0496520251,0.4369646013,Ghost,620,0.34722478319114913,0.3859518840586749,0.32055448587244434,0.3384406324147977,white
0.1178469211,0.6817952394,0.2003578395,Ghoul,622,0.71443285408905,0.5755908581827267,0.5001139805177142,0.5064882053076755,blue
0.0318198614,0.7467151284,0.2214650363,Ghoul,623,0.48021703438047797,0.6947974987209152,0.7170459900279681,0.6239581352493109,clear
0.0618622825,0.3590545058,0.5790832043,Goblin,624,0.4222097616675548,0.5952838353596738,0.5752154257128477,0.6099992095667448,white
0.1874855906,0.1624659449,0.6500484943,Goblin,626,0.2429665874780997,0.25739647128402915,0.7095958577488716,0.39420878202200754,white
0.0249134321,0.9262905121,0.0487960652,Ghoul,628,0.41581564390039455,0.6238538599700194,0.7530401172733558,0.7549113469007266,white
0.6602576375,0.0412780754,0.2984642982,Ghost,629,0.3469308270481787,0.48728662200482714,0.4251255894659688,0.3444282227750606,white
0.7430594563,0.0458567031,0.2110838145,Ghost,633,0.4548995589406311,0.6868535385006524,0.4174664969502051,0.31260457274911563,white
0.0083950991,0.9725626707,0.0190422703,Ghoul,634,0.5054236386407939,0.489092015350463,0.7493912253381266,0.7347154478163384,green
0.9751013517,0.0075102374,0.0173883326,Ghost,635,0.2312759597467828,0.8313664075744046,0.3386083150554865,0.260805818311307,clear
0.2013714612,0.0696752891,0.7289532423,Goblin,636,0.4697360132161851,0.4287560994387246,0.39675859776267985,0.43653918976610706,clear
0.9226604104,0.0189329349,0.0584066361,Ghost,638,0.2684925259174797,0.4895529952156062,0.3225909680484225,0.34904426918734827,white
0.0216459073,0.7740978599,0.2042562217,Ghoul,639,0.4937668756666026,0.5645140462929897,0.6491256133478961,0.5871956276213068,clear
0.234539181,0.1304926425,0.6349682212,Goblin,640,0.5135947742646988,0.41891474867949086,0.40645011255573793,0.3471528963661099,clear
0.5790928602,0.0642818287,0.3566252887,Ghost,642,0.3595275124758022,0.252808822937762,0.6012323024166027,0.1899501977257117,blue
0.0176411029,0.9396957755,0.0426631235,Ghoul,643,0.4948880919548143,0.5761509833075097,0.8135033487637253,0.4713864460245072,black
0.0394801013,0.6332267523,0.3272931576,Ghoul,644,0.5068600369091073,0.5689802422228659,0.6003196375001636,0.5122428021837505,white
0.932497561,0.013092272,0.0544101782,Ghost,645,0.39612078571899817,0.575536998284105,0.36046588991676237,0.26163666494058063,green
0.8671402335,0.0387920402,0.09406773,Ghost,646,0.4083800093234144,0.6634432082134547,0.4449459318586276,0.27945024817905173,white
0.5707852244,0.1107426211,0.318472147,Ghost,648,0.4155166826053916,0.4031001169816175,0.5049407472632599,0.26142382237783507,clear
0.2030517757,0.0851741955,0.7117739916,Goblin,649,0.38474373743219575,0.3854804162379371,0.4337979223642073,0.4486262994611071,clear
0.8711833358,0.0486885794,0.0801280364,Ghost,650,0.5774060685703141,0.7221066631650427,0.371622204253412,0.1580937516457887,white
0.8864070773,0.0194143336,0.0941785872,Ghost,652,0.15397522105847722,0.48864398159890393,0.38082677501525225,0.33038501681263654,clear
0.8788636923,0.052532725,0.0686036274,Ghost,655,0.19966145321110207,0.5936000838139164,0.16023136448399264,0.5214946768273494,white
0.2894872129,0.0918058082,0.6187069416,Goblin,656,0.30316603749710386,0.31848718538290005,0.24562833040336607,0.526572077884535,white
0.4543414116,0.1496881843,0.395970434,Ghost,657,0.513169619618553,0.5261688515212875,0.4662022108413995,0.2959327724128374,blue
0.03641342,0.630120635,0.3334659338,Ghoul,658,0.41407533823124487,0.2025878424603994,0.6344570336872036,0.7197872782652576,clear
0.1005303413,0.7823578715,0.1171117872,Ghoul,659,0.32957926996414194,0.6147159489178701,0.7858821303672057,0.5290022867694378,clear
0.9706919193,0.0085898247,0.0207182653,Ghost,660,0.12381822355185143,0.6324578174306703,0.3951609332779572,0.17139701313221453,white
0.6798260212,0.0316988192,0.2884751856,Ghost,665,0.4050030054613637,0.3271962113617836,0.4242408531212625,0.24762439395643224,clear
0.3607364893,0.159644112,0.4796193838,Goblin,666,0.46219139589755187,0.6813593838348452,0.4045641648562693,0.530211874772025,clear
0.0192650184,0.7097253203,0.2710096538,Ghoul,668,0.5450554047975797,0.2968176957192359,0.7090766583494612,0.5408619573433578,clear
0.0181624629,0.9103811383,0.0714563653,Ghoul,670,0.7928417096892332,0.7214385259218277,0.7056824843112062,0.5002845066803442,black
0.1399656236,0.198629275,0.6614050865,Goblin,671,0.3163796825363479,0.4051041970482037,0.487167996159559,0.5090766795067948,white
0.7981464863,0.0768486932,0.1250047982,Ghost,672,0.3250876928288323,0.5943332873030286,0.5167208153742644,0.4262784520840023,clear
0.0762841552,0.8109260798,0.1127897054,Ghoul,673,0.3108115903215481,0.5098116873758369,0.8760835169811404,0.4804747824666565,green
0.2844566703,0.1316841692,0.5838591456,Goblin,675,0.41372741566990645,0.39398727777792486,0.4200365358403835,0.4450815782380491,blood
0.034401685,0.897978127,0.0676202178,Ghoul,681,0.6658816677029052,0.7620995745789226,0.6301892026042181,0.9224917592413309,clear
0.2778660953,0.3633000553,0.3588338196,Ghoul,683,0.3295396495277713,0.5020890254750566,0.5429602948715869,0.5126825457334073,blood
0.0117695956,0.9644756317,0.0237547494,Ghoul,687,0.6702282409323267,0.3082909771899206,0.8068222805621802,0.7407633782486223,clear
0.9263567924,0.0236705467,0.0499726497,Ghost,689,0.3791186631296018,0.6643323346206543,0.41166327208505876,0.1728887657258863,green
0.0253881086,0.8750598431,0.0995520949,Ghoul,691,0.6009646914520166,0.4964516174919518,0.6098696025416723,0.6862369702605535,blood
0.0106029697,0.9436086416,0.045788452,Ghoul,692,0.6124832038063059,0.27104470609259107,0.7394714132969522,0.7994150743303566,white
0.8908629417,0.0333343707,0.0758026466,Ghost,694,0.38243087262082637,0.6385851147655892,0.3248047019323915,0.38026862051146254,clear
0.094633244,0.4610765874,0.4442901313,Ghoul,697,0.3737531675751869,0.5412538109601003,0.6479680461191798,0.5002317840159538,clear
0.8538095355,0.0546482988,0.0915421844,Ghost,702,0.4258721061233085,0.7675158382730686,0.42015762832624715,0.2666159928889361,white
0.7033833861,0.0748254433,0.2217911929,Ghost,703,0.3760153440558161,0.511563577659039,0.6125272439279379,0.14187453182895654,white
0.3860302567,0.3264072537,0.2875625193,Ghost,704,0.5755823485659279,0.48925147779829764,0.4326519420019263,0.34366566572712,black
0.0094599249,0.9242791533,0.0662608743,Ghoul,706,0.5764980137493205,0.5346830744152508,0.6941419627255173,0.5904048596109976,white
0.7602048516,0.0594598316,0.1803353578,Ghost,707,0.12152175737701666,0.24162530193889636,0.23513998761334792,0.35688873465647697,clear
0.0266084541,0.7871596217,0.1862319261,Ghoul,710,0.5677036302606289,0.6023851226199484,0.6312639091360811,0.5665493825547697,white
0.951248765,0.0209052991,0.0278459936,Ghost,711,0.2549286814149584,0.6149309765114882,0.27145281306831187,0.3260314494949674,white
0.076475814,0.2415566444,0.6819675565,Goblin,712,0.3268076674320234,0.3266028330017409,0.557190397668081,0.5670432665022421,green
0.0220751781,0.7884588242,0.1894660592,Ghoul,713,0.5889278936842108,0.5729764083385109,0.6063949585195861,0.590805906809352,green
0.0984541699,0.5226231217,0.3789227009,Ghoul,717,0.534403703126003,0.37479576457080443,0.46101146414602856,0.6316557576976848,clear
0.9071949124,0.0328312777,0.0599738285,Ghost,718,0.22240287356297203,0.6444399912301582,0.5237549068591283,0.29585904682886977,clear
0.9182883501,0.0288938861,0.0528177433,Ghost,720,0.3464713936741479,0.6322228952541871,0.43641084084107734,0.2790547503174927,white
0.0492902808,0.6405019164,0.3102077842,Ghoul,723,0.5621734163398626,0.7111071642990058,0.6021340865802338,0.5425857864845062,white
0.0183290336,0.8010291457,0.1806417853,Ghoul,724,0.5422613374509694,0.4945874976344352,0.6645135717049054,0.582130403490061,white
0.0500066243,0.7669326663,0.1830607206,Ghoul,725,0.5128113695536631,0.2922262495063947,0.3621082079715759,0.6629255024370009,white
0.9523742795,0.0208300631,0.0267956704,Ghost,726,0.2804961402936706,0.5913693932596328,0.22582163338642042,0.27341315063426685,white
0.9316729307,0.0271367803,0.0411902443,Ghost,730,0.3122351643115108,0.7665938211534642,0.31603878611528197,0.3363753769381051,clear
0.1700915992,0.4448466301,0.3850618005,Ghoul,735,0.4286171699593184,0.6059574791418952,0.5049351952672163,0.583252163792565,white
0.251249671,0.4874100089,0.2613402903,Ghoul,738,0.5496917500632343,0.5600106527018318,0.44975026317361083,0.44648555525519873,white
0.0405541025,0.5930255651,0.3664203584,Ghoul,740,0.44570602982840607,0.6668649973358806,0.6424608810405091,0.7531571906418796,white
0.9621005058,0.0181137435,0.0197858028,Ghost,742,0.3563410446533098,0.7141193197435289,0.3147506974934544,0.21387416672244944,black
0.2246317565,0.1700084955,0.6053597331,Goblin,744,0.39646444191181024,0.2894384918287329,0.4168757041208541,0.6322238150099497,blood
0.2074890137,0.6451042295,0.1474067271,Ghoul,748,0.5366173409720927,0.570873054682669,0.33214674441066766,0.625818509208283,black
0.061636515,0.4328047633,0.5055587292,Goblin,749,0.446405225546098,0.3847624723433853,0.6905163469960328,0.40797604354967515,white
0.2443611324,0.5237767696,0.2318621129,Ghoul,752,0.4441841353358505,0.37696429867319,0.844966569721814,0.2917862577408698,black
0.5584993958,0.1065998077,0.3349007964,Ghost,755,0.2537870694350175,0.24497896323045334,0.49391422594811296,0.43595247547605653,clear
0.0797986984,0.6858903766,0.2343109399,Ghoul,757,0.32925849147444886,0.6388482736579941,0.7318181002004801,0.5538740933921957,green
0.2452608794,0.1592939645,0.5954452157,Goblin,758,0.3615392166963684,0.427638866428967,0.45290910762805786,0.5340688481516157,white
0.967752099,0.0157271512,0.0165207125,Ghost,759,0.15941784447682733,0.8208730341565178,0.42862191786545656,0.0794510937474607,white
0.0778377429,0.4559549987,0.4662072062,Goblin,760,0.5953648453903516,0.42808792650303557,0.6122513342452856,0.3265944951563982,clear
0.768435955,0.1079183221,0.123645775,Ghost,762,0.41579351799705366,0.946246924212641,0.42810696214564536,0.35438625929216055,white
0.013371787,0.9295435548,0.0570846274,Ghoul,763,0.5863647804488342,0.542928011666642,0.5260042890733546,0.6988923042743628,black
0.3852257431,0.4797972441,0.1349770427,Ghoul,764,0.6827362586213996,0.5830412864276124,0.5250006264713919,0.40865122725702663,clear
0.9702513814,0.0133787459,0.0163698457,Ghost,765,0.2408864676910042,0.6326459988613098,0.37176370888248383,0.019438236596011273,black
0.9152920842,0.0306125749,0.0540953726,Ghost,767,0.20914105111243614,0.35689619493181884,0.46539079989594073,0.2213936296034907,green
0.9118656516,0.0356155224,0.0525187999,Ghost,768,0.352981786821041,0.780451925467967,0.3235503578030113,0.4085428890663272,blue
0.0628047064,0.750020206,0.1871750951,Ghoul,769,0.5009513756678143,0.47561157165222145,0.5150518317466897,0.5862344777064505,clear
0.71196872,0.1469706744,0.141060546,Ghost,770,0.5468885634681441,0.461131043591811,0.35636870637603435,0.27123433756608795,blue
0.1440979838,0.4948881865,0.3610138893,Ghoul,771,0.38899932745097826,0.4215689857367156,0.46175094603215655,0.6390990972890823,green
0.1559748352,0.4345641732,0.4094609618,Ghoul,773,0.5440494141476854,0.3903219212457374,0.45751897613830517,0.4838160776908416,green
0.2411589026,0.5836625099,0.1751785725,Ghoul,774,0.5996678668529554,0.37669251446783764,0.7981472940538821,0.28544722762085595,white
0.0122846942,0.9588274956,0.0288877897,Ghoul,776,0.7422308753759779,0.22216206491333848,0.9998409353640688,0.7012410609965897,clear
0.0107425088,0.9273648858,0.0618926063,Ghoul,778,0.5344805429114484,0.5901232876516092,0.6671484623850706,0.6627421601241374,clear
0.0799587592,0.4823129773,0.4377283156,Ghoul,780,0.3685116304778206,0.5247533311555668,0.6520496362735653,0.6048148844648011,green
0.0530156344,0.6379458904,0.3090385199,Ghoul,781,0.49394419882740837,0.45450279762434903,0.501895969786487,0.5964305299147631,clear
0.1002382115,0.2455772609,0.6541845202,Goblin,782,0.4730987411897035,0.23493720314780153,0.3788780398660684,0.575423211429828,white
0.8225597143,0.0652780458,0.1121622771,Ghost,783,0.2480902659073821,0.37553349420228077,0.3191594804124451,0.5215226758076992,clear
0.0342135578,0.2671765685,0.6986098289,Goblin,784,0.44180991100295053,0.18824229243045365,0.5492013138917722,0.5906091413286165,clear
0.8118127584,0.0675395355,0.1206477359,Ghost,787,0.37751967216478055,0.5908002727146612,0.5581591232556733,0.24728170596853846,white
0.0322572626,0.7926276326,0.1751150787,Ghoul,788,0.4088712179213722,0.6226497348632692,0.7383633686558156,0.602784226604599,white
0.0428127386,0.3674493134,0.5897379518,Goblin,789,0.43239014200611575,0.4054429081494342,0.6365427612922235,0.4975436980461207,green
0.8902217746,0.0344413742,0.0753367916,Ghost,790,0.30148112854137593,0.5745413889036604,0.38275020184360853,0.345191133499301,clear
0.8939133286,0.0422278717,0.063858822,Ghost,791,0.269575175698655,0.5215048694642801,0.15857461052363703,0.39849399373565936,white
0.0934632868,0.8039845824,0.1025520712,Ghoul,794,0.3105624475353331,0.7413292627155533,0.785861152703,0.625855631579269,white
0.0162083488,0.9147282839,0.0690633804,Ghoul,795,0.5478550221745124,0.6876118711240358,0.6815169415972667,0.6789705176587983,white
0.6253922582,0.1785116047,0.1960960925,Ghost,796,0.23779755030765962,0.4215345705951943,0.5010417952541173,0.47686123227608995,white
0.0804382861,0.8240582943,0.0955033898,Ghoul,798,0.47986545339163905,0.6061152956636793,0.43675878842247584,0.747448691927596,clear
0.7818647623,0.0420817882,0.1760534346,Ghost,799,0.2809770426986982,0.2357681126373447,0.2747504051542137,0.14731136745357065,white
0.0443399101,0.8793711662,0.0762889087,Ghoul,800,0.6033054288972668,0.6072371969766933,0.516253494241977,0.664046566366949,clear
0.1265535206,0.6171661615,0.2562803328,Ghoul,803,0.4521322884376673,0.5816810953921222,0.5124138887543578,0.6424825076369135,white
0.9285749793,0.0254575759,0.0459673963,Ghost,805,0.369353389253381,0.5744807695544699,0.40853258074632,0.2138820027977949,clear
0.0088324435,0.973304987,0.0178626031,Ghoul,806,0.4757596862905027,0.47551477152959587,0.7522496831538252,0.8132563259549813,clear
0.052293282,0.9015896916,0.0461169556,Ghoul,807,0.5785444427661345,0.5877669887728253,0.3936119578310074,0.7905853159203715,black
0.1888946295,0.2855198681,0.5255854726,Goblin,808,0.41814430337307956,0.4662239140445333,0.44628255031726305,0.6125871110285194,clear
0.0258043781,0.9212773442,0.0529183187,Ghoul,810,0.42198893374104635,0.6089377338393451,0.751774423216248,0.6075314817808185,green
0.7591549158,0.1740149856,0.0668300688,Ghost,811,0.5071162805259092,0.5778561512131284,0.32172000962575814,0.3695504549488844,blue
0.8774210811,0.0337928124,0.0887860581,Ghost,815,0.2820768132733049,0.6553378142771656,0.38550209419582243,0.36985159818884883,green
0.2200437188,0.4285223484,0.3514339328,Ghoul,816,0.317346127891784,0.5228750992985444,0.5018565255119848,0.5876764711649266,clear
0.9715259671,0.0161004402,0.0123735899,Ghost,818,0.22537650976365378,0.5923669656051938,0.26993196698747135,0.27352808552697666,blue
0.9410245419,0.023250401,0.0357250832,Ghost,821,0.10426174277481162,0.7121082760388406,0.42078829819045255,0.28758764818452087,blood
0.1541012973,0.2993783355,0.5465203524,Goblin,822,0.4197042288468951,0.3481519090127134,0.5100838195412023,0.37729687499280623,white
0.0687786043,0.6462379694,0.2849833965,Ghoul,823,0.40652266579289215,0.48584846963045497,0.6076231948729031,0.6933120717005687,clear
0.0451790504,0.6600764394,0.2947444618,Ghoul,824,0.4547653994930294,0.60924808388878,0.6719341850551729,0.4750515665295052,green
0.9106893539,0.0372417569,0.0520689078,Ghost,825,0.39546256292452575,0.5292274952410894,0.2259624857334317,0.2601612851802624,clear
0.198185131,0.5160565972,0.2857582569,Ghoul,826,0.6322145259113862,0.49277545476488277,0.4566656872448879,0.44635173909296677,clear
0.5764890313,0.1971787363,0.2263322175,Ghost,828,0.2940163355585526,0.571567489997207,0.3907359838641278,0.5242389991991264,white
0.1807172447,0.132900387,0.6863823533,Goblin,830,0.37887682082779195,0.3138358701263232,0.6270820334924967,0.4041956821132937,black
0.9007701278,0.0464312583,0.0527986065,Ghost,832,0.08133877297462674,0.4732520152952852,0.49920066199390384,0.23337576779463698,blue
0.9525329471,0.0258179158,0.0216491967,Ghost,833,0.24599803394836317,0.6562425334697574,0.48154533015328865,0.06947943599105064,blood
0.9678167701,0.0149649428,0.0172182694,Ghost,834,0.18065481886998183,0.712940464822041,0.3861788023014141,0.25549624532946924,white
0.0305180736,0.8101629615,0.1593189389,Ghoul,835,0.4707264554905934,0.6716222339260971,0.7242040111926005,0.5191060388686377,white
0.6043822169,0.255530864,0.140086934,Ghost,838,0.4708544626336483,0.5457437602353137,0.17361705880246886,0.3685885745228707,clear
0.0928105637,0.6228936911,0.2842957377,Ghoul,842,0.34555347754349347,0.49914124650795266,0.6028036860662531,0.7149648831190777,green
0.0089475606,0.9707197547,0.0203326382,Ghoul,844,0.6670387959960258,0.5168491607433907,0.8419458091113737,0.6291207643273653,white
0.9465066195,0.023260301,0.0302331019,Ghost,848,0.24694685765647692,0.6808735064015767,0.310767847326818,0.38912341185328636,green
0.0139943436,0.940511167,0.0454944707,Ghoul,850,0.6970773115494835,0.40098332502127354,0.7781194321940467,0.6335460808948606,clear
0.9078463316,0.0668149665,0.0253387596,Ghost,852,0.5286968307487865,0.6977040226927095,0.151532439832786,0.2558912131282485,black
0.0511432327,0.6140403748,0.3348163664,Ghoul,853,0.5689027571035806,0.4378496810731459,0.5475044662844424,0.5235873820158474,blue
0.0244518872,0.7608021498,0.2147459984,Ghoul,854,0.525670243864605,0.46086471977537247,0.6597153044809095,0.5450230869435263,white
0.2456433028,0.5646829605,0.1896737218,Ghoul,856,0.3228445996740023,0.5988987702049376,0.5037758643669781,0.6791682702131585,green
0.7606748343,0.0931290984,0.146196112,Ghost,857,0.4425084785650099,0.5288045696132504,0.3933644851959032,0.2255920106899398,clear
0.3387335539,0.2360978425,0.4251685739,Goblin,859,0.490843079422927,0.3803183670475333,0.5639859957929828,0.2957124044566328,clear
0.9232668877,0.0315125249,0.045220647,Ghost,860,0.2293253789416753,0.5841135407551247,0.3644420680796746,0.40985527232669866,white
0.4868213832,0.3444648385,0.1687137932,Ghost,862,0.47980398128839286,0.7437667575273824,0.2831416553932847,0.49054855905535183,black
0.0543660149,0.4506877363,0.4949462712,Goblin,863,0.39848300312681956,0.4495503114188518,0.6664110976654781,0.5447425276366072,blue
0.0175382774,0.9164342284,0.0660274625,Ghoul,865,0.5413531888176186,0.6845920706387648,0.7025457246032077,0.5798898292989817,black
0.3434998095,0.1122637764,0.5442364216,Goblin,866,0.45250837758242457,0.06583832244898044,0.15941607888772957,0.3337749476425184,clear
0.0173581541,0.8194076419,0.1632342041,Ghoul,868,0.5842228367188558,0.43261865015916234,0.6755808043434651,0.542931307483179,white
0.8128448129,0.0830720216,0.1040831283,Ghost,869,0.3623382310715588,0.5807382947123437,0.4984418230355974,0.35269070215496073,clear
0.074765183,0.8496633172,0.0755714849,Ghoul,870,0.36622766474648283,0.6825017938308631,0.8578172348542199,0.4612940779505166,clear
0.224248752,0.2673693597,0.5083819032,Goblin,871,0.4983141791013112,0.3740591817820526,0.4066184575928734,0.4132505256431665,clear
0.1288946122,0.5816556215,0.289449811,Ghoul,872,0.4729870618069618,0.5430865946049376,0.6448241753036719,0.4160427521059445,clear
0.0255612731,0.8514223695,0.1230163723,Ghoul,875,0.49702169668896456,0.4312111454133839,0.6194551465074561,0.6608238789664583,white
0.7379593253,0.1296996027,0.1323410273,Ghost,876,0.43709586315549986,0.5452491027954017,0.27015415854189184,0.3147107000412252,white
0.8874911666,0.0507977568,0.0617110841,Ghost,879,0.3076441102844663,0.5992165483011355,0.5782938822071038,0.21554219675488934,black
0.0192946307,0.7359231114,0.2447822541,Ghoul,880,0.5611841779482624,0.2783310298918879,0.6992667628877934,0.5546760346041134,clear
0.0285190996,0.8623932004,0.1090877503,Ghoul,881,0.5552415173093617,0.332323137056957,0.6342956981796333,0.7097365837714882,black
0.0626734197,0.7016651034,0.2356614619,Ghoul,882,0.35192302316137825,0.2936184321489193,0.5406705014950834,0.7964180369671884,clear
0.1165637448,0.1471748948,0.7362613082,Goblin,883,0.40117889646587734,0.34688114794422503,0.5737227960320397,0.41772839960865116,white
0.0938492119,0.4083068073,0.4978440106,Goblin,884,0.4975558229162766,0.3364805022752795,0.4765960471374961,0.5056955990539572,clear
0.9314957261,0.0274093207,0.0410949886,Ghost,885,0.34476013433135677,0.7604891384809525,0.315304978942705,0.2998737063562351,white
0.0104692243,0.9750403762,0.0144904284,Ghoul,887,0.49733484389134264,0.6036575623053008,0.8007469117801166,0.7114932266181686,blue
0.0506949835,0.4918525517,0.4574525356,Ghoul,888,0.6502889345718917,0.34066027099322926,0.6113599325976219,0.4992693396429319,white
0.0117419157,0.9298862219,0.0583718233,Ghoul,891,0.487515630655963,0.4567954683157817,0.6912510876757189,0.6874193656151879,green
0.0404549725,0.8840574622,0.0754876211,Ghoul,892,0.6026294661704815,0.7324977157120338,0.6275185500798994,0.8150083867631934,white
0.1534907818,0.240236178,0.6062729955,Goblin,893,0.3775725702958888,0.39015793080049815,0.6964648289002103,0.3553731859893817,blue
0.8730635047,0.0760997832,0.0508367345,Ghost,894,0.2291612575282136,0.601264695795748,0.191282181876435,0.47511512070070344,clear
0.0099222995,0.9492896795,0.0407880433,Ghoul,895,0.5104973968247725,0.4983474541673617,0.7080199158094475,0.714153854408193,white
0.9616519213,0.0162831265,0.0220649745,Ghost,898,0.33147215359934745,0.7658345649295655,0.3382066518541627,0.19343091476467483,clear
0.9290012121,0.0283908062,0.0426079817,Ghost,899,0.2567891927553072,0.6918024425042691,0.4151968053837178,0.3489712010801874,white
